{
  "Romantic Homicide|d4vd": {
    "danceability": 0.36891302433174444,
    "energy": 0.7040059398712217,
    "key": 0,
    "loudness": -1.9891781352718567,
    "mode": 0,
    "speechiness": 0.12544620342980753,
    "acousticness": 0.7862201277237448,
    "instrumentalness": 0.046003729954985195,
    "liveness": 0.29564482489361255,
    "valence": 0.578504902937367,
    "tempo": 100.8530266256255,
    "name": "Romantic Homicide",
    "artist": "d4vd",
    "album": "Romantic Homicide"
  }
}